2026-03-12 04:05:32,1,"Nominal - Fully Charged, Stable",90,Stable,Slow,Nominal,None,Maintain normal operation,180.0,"Your battery is in excellent condition with stable voltage and a healthy charge level. Energy is being consumed at a normal rate, so your estimated range is reliable. No action is needed — continue normal operation and monitor periodically."
2026-03-12 04:05:34,2,"Degraded - Mid Charge, Slight Fluctuation",55,Slight fluctuation,Moderate,Degraded,Transient Variation,Increase monitoring,46.75,"Your battery is showing signs of stress, likely due to voltage fluctuations or a moderately high discharge rate. The estimated range has been reduced as a precaution. Consider reducing the use of high-power systems like AC or heating to preserve range. Plan a charging stop sooner than usual."
2026-03-12 04:05:37,3,"Degraded - Sudden Drop, Moderate Drain",48,Sudden drop,Moderate,Degraded,Persistent Deviation,Reduce non-critical loads,36.72,"Your battery is showing signs of stress, likely due to voltage fluctuations or a moderately high discharge rate. The estimated range has been reduced as a precaution. Consider reducing the use of high-power systems like AC or heating to preserve range. Plan a charging stop sooner than usual."
2026-03-12 04:05:40,4,"Critical - Low SOC, Fast Drain",22,Stable,Fast,Critical,None,Activate protective mode,9.53,Warning: your battery is in a critical state. Either the charge is dangerously low or the system has detected severe electrical instability. Immediately reduce all non-essential loads and find the nearest charging point. Continuing to drive without action may cause the vehicle to shut down unexpectedly.
2026-03-12 04:05:42,5,Critical - Severe Instability Override,75,Repeated instability,Abnormally fast,Critical,Severe Degradation,Activate protective mode,18.28,Warning: your battery is in a critical state. Either the charge is dangerously low or the system has detected severe electrical instability. Immediately reduce all non-essential loads and find the nearest charging point. Continuing to drive without action may cause the vehicle to shut down unexpectedly.
2026-03-12 04:05:45,1,"Nominal - Fully Charged, Stable",90,Stable,Slow,Nominal,None,Maintain normal operation,180.0,"Your battery is in excellent condition with stable voltage and a healthy charge level. Energy is being consumed at a normal rate, so your estimated range is reliable. No action is needed — continue normal operation and monitor periodically."
2026-03-12 04:05:47,2,"Degraded - Mid Charge, Slight Fluctuation",55,Slight fluctuation,Moderate,Degraded,Transient Variation,Increase monitoring,46.75,"Your battery is showing signs of stress, likely due to voltage fluctuations or a moderately high discharge rate. The estimated range has been reduced as a precaution. Consider reducing the use of high-power systems like AC or heating to preserve range. Plan a charging stop sooner than usual."
2026-03-12 04:05:50,3,"Degraded - Sudden Drop, Moderate Drain",48,Sudden drop,Moderate,Degraded,Persistent Deviation,Reduce non-critical loads,36.72,"Your battery is showing signs of stress, likely due to voltage fluctuations or a moderately high discharge rate. The estimated range has been reduced as a precaution. Consider reducing the use of high-power systems like AC or heating to preserve range. Plan a charging stop sooner than usual."
2026-03-12 04:05:52,4,"Critical - Low SOC, Fast Drain",22,Stable,Fast,Critical,None,Activate protective mode,9.53,Warning: your battery is in a critical state. Either the charge is dangerously low or the system has detected severe electrical instability. Immediately reduce all non-essential loads and find the nearest charging point. Continuing to drive without action may cause the vehicle to shut down unexpectedly.
2026-03-12 04:05:55,5,Critical - Severe Instability Override,75,Repeated instability,Abnormally fast,Critical,Severe Degradation,Activate protective mode,18.28,Warning: your battery is in a critical state. Either the charge is dangerously low or the system has detected severe electrical instability. Immediately reduce all non-essential loads and find the nearest charging point. Continuing to drive without action may cause the vehicle to shut down unexpectedly.
2026-03-12 04:05:57,1,"Nominal - Fully Charged, Stable",90,Stable,Slow,Nominal,None,Maintain normal operation,180.0,"Your battery is in excellent condition with stable voltage and a healthy charge level. Energy is being consumed at a normal rate, so your estimated range is reliable. No action is needed — continue normal operation and monitor periodically."
2026-03-12 04:06:00,2,"Degraded - Mid Charge, Slight Fluctuation",55,Slight fluctuation,Moderate,Degraded,Transient Variation,Increase monitoring,46.75,"Your battery is showing signs of stress, likely due to voltage fluctuations or a moderately high discharge rate. The estimated range has been reduced as a precaution. Consider reducing the use of high-power systems like AC or heating to preserve range. Plan a charging stop sooner than usual."
2026-03-12 04:06:02,3,"Degraded - Sudden Drop, Moderate Drain",48,Sudden drop,Moderate,Degraded,Persistent Deviation,Reduce non-critical loads,36.72,"Your battery is showing signs of stress, likely due to voltage fluctuations or a moderately high discharge rate. The estimated range has been reduced as a precaution. Consider reducing the use of high-power systems like AC or heating to preserve range. Plan a charging stop sooner than usual."
2026-03-12 04:06:05,4,"Critical - Low SOC, Fast Drain",22,Stable,Fast,Critical,None,Activate protective mode,9.53,Warning: your battery is in a critical state. Either the charge is dangerously low or the system has detected severe electrical instability. Immediately reduce all non-essential loads and find the nearest charging point. Continuing to drive without action may cause the vehicle to shut down unexpectedly.
2026-03-12 04:06:07,5,Critical - Severe Instability Override,75,Repeated instability,Abnormally fast,Critical,Severe Degradation,Activate protective mode,18.28,Warning: your battery is in a critical state. Either the charge is dangerously low or the system has detected severe electrical instability. Immediately reduce all non-essential loads and find the nearest charging point. Continuing to drive without action may cause the vehicle to shut down unexpectedly.
2026-03-12 04:06:10,1,"Nominal - Fully Charged, Stable",90,Stable,Slow,Nominal,None,Maintain normal operation,180.0,"Your battery is in excellent condition with stable voltage and a healthy charge level. Energy is being consumed at a normal rate, so your estimated range is reliable. No action is needed — continue normal operation and monitor periodically."
2026-03-12 04:06:12,2,"Degraded - Mid Charge, Slight Fluctuation",55,Slight fluctuation,Moderate,Degraded,Transient Variation,Increase monitoring,46.75,"Your battery is showing signs of stress, likely due to voltage fluctuations or a moderately high discharge rate. The estimated range has been reduced as a precaution. Consider reducing the use of high-power systems like AC or heating to preserve range. Plan a charging stop sooner than usual."
2026-03-12 04:06:15,3,"Degraded - Sudden Drop, Moderate Drain",48,Sudden drop,Moderate,Degraded,Persistent Deviation,Reduce non-critical loads,36.72,"Your battery is showing signs of stress, likely due to voltage fluctuations or a moderately high discharge rate. The estimated range has been reduced as a precaution. Consider reducing the use of high-power systems like AC or heating to preserve range. Plan a charging stop sooner than usual."
2026-03-12 04:06:17,4,"Critical - Low SOC, Fast Drain",22,Stable,Fast,Critical,None,Activate protective mode,9.53,Warning: your battery is in a critical state. Either the charge is dangerously low or the system has detected severe electrical instability. Immediately reduce all non-essential loads and find the nearest charging point. Continuing to drive without action may cause the vehicle to shut down unexpectedly.
2026-03-12 04:06:20,5,Critical - Severe Instability Override,75,Repeated instability,Abnormally fast,Critical,Severe Degradation,Activate protective mode,18.28,Warning: your battery is in a critical state. Either the charge is dangerously low or the system has detected severe electrical instability. Immediately reduce all non-essential loads and find the nearest charging point. Continuing to drive without action may cause the vehicle to shut down unexpectedly.
2026-03-12 04:06:22,1,"Nominal - Fully Charged, Stable",90,Stable,Slow,Nominal,None,Maintain normal operation,180.0,"Your battery is in excellent condition with stable voltage and a healthy charge level. Energy is being consumed at a normal rate, so your estimated range is reliable. No action is needed — continue normal operation and monitor periodically."
2026-03-12 04:06:25,2,"Degraded - Mid Charge, Slight Fluctuation",55,Slight fluctuation,Moderate,Degraded,Transient Variation,Increase monitoring,46.75,"Your battery is showing signs of stress, likely due to voltage fluctuations or a moderately high discharge rate. The estimated range has been reduced as a precaution. Consider reducing the use of high-power systems like AC or heating to preserve range. Plan a charging stop sooner than usual."
2026-03-12 04:06:27,3,"Degraded - Sudden Drop, Moderate Drain",48,Sudden drop,Moderate,Degraded,Persistent Deviation,Reduce non-critical loads,36.72,"Your battery is showing signs of stress, likely due to voltage fluctuations or a moderately high discharge rate. The estimated range has been reduced as a precaution. Consider reducing the use of high-power systems like AC or heating to preserve range. Plan a charging stop sooner than usual."
2026-03-12 04:06:30,4,"Critical - Low SOC, Fast Drain",22,Stable,Fast,Critical,None,Activate protective mode,9.53,Warning: your battery is in a critical state. Either the charge is dangerously low or the system has detected severe electrical instability. Immediately reduce all non-essential loads and find the nearest charging point. Continuing to drive without action may cause the vehicle to shut down unexpectedly.
2026-03-12 04:06:32,5,Critical - Severe Instability Override,75,Repeated instability,Abnormally fast,Critical,Severe Degradation,Activate protective mode,18.28,Warning: your battery is in a critical state. Either the charge is dangerously low or the system has detected severe electrical instability. Immediately reduce all non-essential loads and find the nearest charging point. Continuing to drive without action may cause the vehicle to shut down unexpectedly.
2026-03-12 04:06:35,1,"Nominal - Fully Charged, Stable",90,Stable,Slow,Nominal,None,Maintain normal operation,180.0,"Your battery is in excellent condition with stable voltage and a healthy charge level. Energy is being consumed at a normal rate, so your estimated range is reliable. No action is needed — continue normal operation and monitor periodically."
2026-03-12 04:06:37,2,"Degraded - Mid Charge, Slight Fluctuation",55,Slight fluctuation,Moderate,Degraded,Transient Variation,Increase monitoring,46.75,"Your battery is showing signs of stress, likely due to voltage fluctuations or a moderately high discharge rate. The estimated range has been reduced as a precaution. Consider reducing the use of high-power systems like AC or heating to preserve range. Plan a charging stop sooner than usual."
2026-03-12 04:06:40,3,"Degraded - Sudden Drop, Moderate Drain",48,Sudden drop,Moderate,Degraded,Persistent Deviation,Reduce non-critical loads,36.72,"Your battery is showing signs of stress, likely due to voltage fluctuations or a moderately high discharge rate. The estimated range has been reduced as a precaution. Consider reducing the use of high-power systems like AC or heating to preserve range. Plan a charging stop sooner than usual."
2026-03-12 04:06:42,4,"Critical - Low SOC, Fast Drain",22,Stable,Fast,Critical,None,Activate protective mode,9.53,Warning: your battery is in a critical state. Either the charge is dangerously low or the system has detected severe electrical instability. Immediately reduce all non-essential loads and find the nearest charging point. Continuing to drive without action may cause the vehicle to shut down unexpectedly.
2026-03-12 04:06:45,5,Critical - Severe Instability Override,75,Repeated instability,Abnormally fast,Critical,Severe Degradation,Activate protective mode,18.28,Warning: your battery is in a critical state. Either the charge is dangerously low or the system has detected severe electrical instability. Immediately reduce all non-essential loads and find the nearest charging point. Continuing to drive without action may cause the vehicle to shut down unexpectedly.
2026-03-12 04:06:47,1,"Nominal - Fully Charged, Stable",90,Stable,Slow,Nominal,None,Maintain normal operation,180.0,"Your battery is in excellent condition with stable voltage and a healthy charge level. Energy is being consumed at a normal rate, so your estimated range is reliable. No action is needed — continue normal operation and monitor periodically."
2026-03-12 04:06:50,2,"Degraded - Mid Charge, Slight Fluctuation",55,Slight fluctuation,Moderate,Degraded,Transient Variation,Increase monitoring,46.75,"Your battery is showing signs of stress, likely due to voltage fluctuations or a moderately high discharge rate. The estimated range has been reduced as a precaution. Consider reducing the use of high-power systems like AC or heating to preserve range. Plan a charging stop sooner than usual."
2026-03-12 04:06:52,3,"Degraded - Sudden Drop, Moderate Drain",48,Sudden drop,Moderate,Degraded,Persistent Deviation,Reduce non-critical loads,36.72,"Your battery is showing signs of stress, likely due to voltage fluctuations or a moderately high discharge rate. The estimated range has been reduced as a precaution. Consider reducing the use of high-power systems like AC or heating to preserve range. Plan a charging stop sooner than usual."
2026-03-12 04:06:55,4,"Critical - Low SOC, Fast Drain",22,Stable,Fast,Critical,None,Activate protective mode,9.53,Warning: your battery is in a critical state. Either the charge is dangerously low or the system has detected severe electrical instability. Immediately reduce all non-essential loads and find the nearest charging point. Continuing to drive without action may cause the vehicle to shut down unexpectedly.
2026-03-12 04:06:57,5,Critical - Severe Instability Override,75,Repeated instability,Abnormally fast,Critical,Severe Degradation,Activate protective mode,18.28,Warning: your battery is in a critical state. Either the charge is dangerously low or the system has detected severe electrical instability. Immediately reduce all non-essential loads and find the nearest charging point. Continuing to drive without action may cause the vehicle to shut down unexpectedly.
2026-03-12 04:07:00,1,"Nominal - Fully Charged, Stable",90,Stable,Slow,Nominal,None,Maintain normal operation,180.0,"Your battery is in excellent condition with stable voltage and a healthy charge level. Energy is being consumed at a normal rate, so your estimated range is reliable. No action is needed — continue normal operation and monitor periodically."
2026-03-12 04:07:02,2,"Degraded - Mid Charge, Slight Fluctuation",55,Slight fluctuation,Moderate,Degraded,Transient Variation,Increase monitoring,46.75,"Your battery is showing signs of stress, likely due to voltage fluctuations or a moderately high discharge rate. The estimated range has been reduced as a precaution. Consider reducing the use of high-power systems like AC or heating to preserve range. Plan a charging stop sooner than usual."
2026-03-12 04:07:05,3,"Degraded - Sudden Drop, Moderate Drain",48,Sudden drop,Moderate,Degraded,Persistent Deviation,Reduce non-critical loads,36.72,"Your battery is showing signs of stress, likely due to voltage fluctuations or a moderately high discharge rate. The estimated range has been reduced as a precaution. Consider reducing the use of high-power systems like AC or heating to preserve range. Plan a charging stop sooner than usual."
2026-03-12 04:07:07,4,"Critical - Low SOC, Fast Drain",22,Stable,Fast,Critical,None,Activate protective mode,9.53,Warning: your battery is in a critical state. Either the charge is dangerously low or the system has detected severe electrical instability. Immediately reduce all non-essential loads and find the nearest charging point. Continuing to drive without action may cause the vehicle to shut down unexpectedly.
2026-03-12 04:07:10,5,Critical - Severe Instability Override,75,Repeated instability,Abnormally fast,Critical,Severe Degradation,Activate protective mode,18.28,Warning: your battery is in a critical state. Either the charge is dangerously low or the system has detected severe electrical instability. Immediately reduce all non-essential loads and find the nearest charging point. Continuing to drive without action may cause the vehicle to shut down unexpectedly.
2026-03-12 04:07:12,1,"Nominal - Fully Charged, Stable",90,Stable,Slow,Nominal,None,Maintain normal operation,180.0,"Your battery is in excellent condition with stable voltage and a healthy charge level. Energy is being consumed at a normal rate, so your estimated range is reliable. No action is needed — continue normal operation and monitor periodically."
2026-03-12 04:07:15,2,"Degraded - Mid Charge, Slight Fluctuation",55,Slight fluctuation,Moderate,Degraded,Transient Variation,Increase monitoring,46.75,"Your battery is showing signs of stress, likely due to voltage fluctuations or a moderately high discharge rate. The estimated range has been reduced as a precaution. Consider reducing the use of high-power systems like AC or heating to preserve range. Plan a charging stop sooner than usual."
2026-03-12 04:07:17,3,"Degraded - Sudden Drop, Moderate Drain",48,Sudden drop,Moderate,Degraded,Persistent Deviation,Reduce non-critical loads,36.72,"Your battery is showing signs of stress, likely due to voltage fluctuations or a moderately high discharge rate. The estimated range has been reduced as a precaution. Consider reducing the use of high-power systems like AC or heating to preserve range. Plan a charging stop sooner than usual."
2026-03-12 04:07:20,4,"Critical - Low SOC, Fast Drain",22,Stable,Fast,Critical,None,Activate protective mode,9.53,Warning: your battery is in a critical state. Either the charge is dangerously low or the system has detected severe electrical instability. Immediately reduce all non-essential loads and find the nearest charging point. Continuing to drive without action may cause the vehicle to shut down unexpectedly.
2026-03-12 04:07:22,5,Critical - Severe Instability Override,75,Repeated instability,Abnormally fast,Critical,Severe Degradation,Activate protective mode,18.28,Warning: your battery is in a critical state. Either the charge is dangerously low or the system has detected severe electrical instability. Immediately reduce all non-essential loads and find the nearest charging point. Continuing to drive without action may cause the vehicle to shut down unexpectedly.
2026-03-12 04:07:25,1,"Nominal - Fully Charged, Stable",90,Stable,Slow,Nominal,None,Maintain normal operation,180.0,"Your battery is in excellent condition with stable voltage and a healthy charge level. Energy is being consumed at a normal rate, so your estimated range is reliable. No action is needed — continue normal operation and monitor periodically."
2026-03-12 04:07:27,2,"Degraded - Mid Charge, Slight Fluctuation",55,Slight fluctuation,Moderate,Degraded,Transient Variation,Increase monitoring,46.75,"Your battery is showing signs of stress, likely due to voltage fluctuations or a moderately high discharge rate. The estimated range has been reduced as a precaution. Consider reducing the use of high-power systems like AC or heating to preserve range. Plan a charging stop sooner than usual."
2026-03-12 04:07:30,3,"Degraded - Sudden Drop, Moderate Drain",48,Sudden drop,Moderate,Degraded,Persistent Deviation,Reduce non-critical loads,36.72,"Your battery is showing signs of stress, likely due to voltage fluctuations or a moderately high discharge rate. The estimated range has been reduced as a precaution. Consider reducing the use of high-power systems like AC or heating to preserve range. Plan a charging stop sooner than usual."
2026-03-12 04:07:32,4,"Critical - Low SOC, Fast Drain",22,Stable,Fast,Critical,None,Activate protective mode,9.53,Warning: your battery is in a critical state. Either the charge is dangerously low or the system has detected severe electrical instability. Immediately reduce all non-essential loads and find the nearest charging point. Continuing to drive without action may cause the vehicle to shut down unexpectedly.
2026-03-12 04:07:35,5,Critical - Severe Instability Override,75,Repeated instability,Abnormally fast,Critical,Severe Degradation,Activate protective mode,18.28,Warning: your battery is in a critical state. Either the charge is dangerously low or the system has detected severe electrical instability. Immediately reduce all non-essential loads and find the nearest charging point. Continuing to drive without action may cause the vehicle to shut down unexpectedly.
2026-03-12 04:07:37,1,"Nominal - Fully Charged, Stable",90,Stable,Slow,Nominal,None,Maintain normal operation,180.0,"Your battery is in excellent condition with stable voltage and a healthy charge level. Energy is being consumed at a normal rate, so your estimated range is reliable. No action is needed — continue normal operation and monitor periodically."
2026-03-12 04:07:40,2,"Degraded - Mid Charge, Slight Fluctuation",55,Slight fluctuation,Moderate,Degraded,Transient Variation,Increase monitoring,46.75,"Your battery is showing signs of stress, likely due to voltage fluctuations or a moderately high discharge rate. The estimated range has been reduced as a precaution. Consider reducing the use of high-power systems like AC or heating to preserve range. Plan a charging stop sooner than usual."
2026-03-12 04:07:42,3,"Degraded - Sudden Drop, Moderate Drain",48,Sudden drop,Moderate,Degraded,Persistent Deviation,Reduce non-critical loads,36.72,"Your battery is showing signs of stress, likely due to voltage fluctuations or a moderately high discharge rate. The estimated range has been reduced as a precaution. Consider reducing the use of high-power systems like AC or heating to preserve range. Plan a charging stop sooner than usual."
2026-03-12 04:07:45,4,"Critical - Low SOC, Fast Drain",22,Stable,Fast,Critical,None,Activate protective mode,9.53,Warning: your battery is in a critical state. Either the charge is dangerously low or the system has detected severe electrical instability. Immediately reduce all non-essential loads and find the nearest charging point. Continuing to drive without action may cause the vehicle to shut down unexpectedly.
2026-03-12 04:07:47,5,Critical - Severe Instability Override,75,Repeated instability,Abnormally fast,Critical,Severe Degradation,Activate protective mode,18.28,Warning: your battery is in a critical state. Either the charge is dangerously low or the system has detected severe electrical instability. Immediately reduce all non-essential loads and find the nearest charging point. Continuing to drive without action may cause the vehicle to shut down unexpectedly.
2026-03-12 04:07:50,1,"Nominal - Fully Charged, Stable",90,Stable,Slow,Nominal,None,Maintain normal operation,180.0,"Your battery is in excellent condition with stable voltage and a healthy charge level. Energy is being consumed at a normal rate, so your estimated range is reliable. No action is needed — continue normal operation and monitor periodically."
2026-03-12 04:07:52,2,"Degraded - Mid Charge, Slight Fluctuation",55,Slight fluctuation,Moderate,Degraded,Transient Variation,Increase monitoring,46.75,"Your battery is showing signs of stress, likely due to voltage fluctuations or a moderately high discharge rate. The estimated range has been reduced as a precaution. Consider reducing the use of high-power systems like AC or heating to preserve range. Plan a charging stop sooner than usual."
2026-03-12 04:07:55,3,"Degraded - Sudden Drop, Moderate Drain",48,Sudden drop,Moderate,Degraded,Persistent Deviation,Reduce non-critical loads,36.72,"Your battery is showing signs of stress, likely due to voltage fluctuations or a moderately high discharge rate. The estimated range has been reduced as a precaution. Consider reducing the use of high-power systems like AC or heating to preserve range. Plan a charging stop sooner than usual."
2026-03-12 04:07:57,4,"Critical - Low SOC, Fast Drain",22,Stable,Fast,Critical,None,Activate protective mode,9.53,Warning: your battery is in a critical state. Either the charge is dangerously low or the system has detected severe electrical instability. Immediately reduce all non-essential loads and find the nearest charging point. Continuing to drive without action may cause the vehicle to shut down unexpectedly.
2026-03-12 04:08:00,5,Critical - Severe Instability Override,75,Repeated instability,Abnormally fast,Critical,Severe Degradation,Activate protective mode,18.28,Warning: your battery is in a critical state. Either the charge is dangerously low or the system has detected severe electrical instability. Immediately reduce all non-essential loads and find the nearest charging point. Continuing to drive without action may cause the vehicle to shut down unexpectedly.
2026-03-12 04:08:02,1,"Nominal - Fully Charged, Stable",90,Stable,Slow,Nominal,None,Maintain normal operation,180.0,"Your battery is in excellent condition with stable voltage and a healthy charge level. Energy is being consumed at a normal rate, so your estimated range is reliable. No action is needed — continue normal operation and monitor periodically."
2026-03-12 04:08:05,2,"Degraded - Mid Charge, Slight Fluctuation",55,Slight fluctuation,Moderate,Degraded,Transient Variation,Increase monitoring,46.75,"Your battery is showing signs of stress, likely due to voltage fluctuations or a moderately high discharge rate. The estimated range has been reduced as a precaution. Consider reducing the use of high-power systems like AC or heating to preserve range. Plan a charging stop sooner than usual."
2026-03-12 04:08:07,3,"Degraded - Sudden Drop, Moderate Drain",48,Sudden drop,Moderate,Degraded,Persistent Deviation,Reduce non-critical loads,36.72,"Your battery is showing signs of stress, likely due to voltage fluctuations or a moderately high discharge rate. The estimated range has been reduced as a precaution. Consider reducing the use of high-power systems like AC or heating to preserve range. Plan a charging stop sooner than usual."
2026-03-12 04:08:10,4,"Critical - Low SOC, Fast Drain",22,Stable,Fast,Critical,None,Activate protective mode,9.53,Warning: your battery is in a critical state. Either the charge is dangerously low or the system has detected severe electrical instability. Immediately reduce all non-essential loads and find the nearest charging point. Continuing to drive without action may cause the vehicle to shut down unexpectedly.
2026-03-12 04:08:12,5,Critical - Severe Instability Override,75,Repeated instability,Abnormally fast,Critical,Severe Degradation,Activate protective mode,18.28,Warning: your battery is in a critical state. Either the charge is dangerously low or the system has detected severe electrical instability. Immediately reduce all non-essential loads and find the nearest charging point. Continuing to drive without action may cause the vehicle to shut down unexpectedly.
2026-03-12 04:08:15,1,"Nominal - Fully Charged, Stable",90,Stable,Slow,Nominal,None,Maintain normal operation,180.0,"Your battery is in excellent condition with stable voltage and a healthy charge level. Energy is being consumed at a normal rate, so your estimated range is reliable. No action is needed — continue normal operation and monitor periodically."
2026-03-12 04:08:17,2,"Degraded - Mid Charge, Slight Fluctuation",55,Slight fluctuation,Moderate,Degraded,Transient Variation,Increase monitoring,46.75,"Your battery is showing signs of stress, likely due to voltage fluctuations or a moderately high discharge rate. The estimated range has been reduced as a precaution. Consider reducing the use of high-power systems like AC or heating to preserve range. Plan a charging stop sooner than usual."
2026-03-12 04:08:20,3,"Degraded - Sudden Drop, Moderate Drain",48,Sudden drop,Moderate,Degraded,Persistent Deviation,Reduce non-critical loads,36.72,"Your battery is showing signs of stress, likely due to voltage fluctuations or a moderately high discharge rate. The estimated range has been reduced as a precaution. Consider reducing the use of high-power systems like AC or heating to preserve range. Plan a charging stop sooner than usual."
2026-03-12 04:08:22,4,"Critical - Low SOC, Fast Drain",22,Stable,Fast,Critical,None,Activate protective mode,9.53,Warning: your battery is in a critical state. Either the charge is dangerously low or the system has detected severe electrical instability. Immediately reduce all non-essential loads and find the nearest charging point. Continuing to drive without action may cause the vehicle to shut down unexpectedly.
2026-03-12 04:08:25,5,Critical - Severe Instability Override,75,Repeated instability,Abnormally fast,Critical,Severe Degradation,Activate protective mode,18.28,Warning: your battery is in a critical state. Either the charge is dangerously low or the system has detected severe electrical instability. Immediately reduce all non-essential loads and find the nearest charging point. Continuing to drive without action may cause the vehicle to shut down unexpectedly.
2026-03-12 04:09:40,1,"Nominal - Fully Charged, Stable",90,Stable,Slow,Nominal,None,Maintain normal operation,180.0,"Your battery is in excellent condition with stable voltage and a healthy charge level. Energy is being consumed at a normal rate, so your estimated range is reliable. No action is needed — continue normal operation and monitor periodically."
2026-03-12 04:09:43,2,"Degraded - Mid Charge, Slight Fluctuation",55,Slight fluctuation,Moderate,Degraded,Transient Variation,Increase monitoring,46.75,"Your battery is showing signs of stress, likely due to voltage fluctuations or a moderately high discharge rate. The estimated range has been reduced as a precaution. Consider reducing the use of high-power systems like AC or heating to preserve range. Plan a charging stop sooner than usual."
2026-03-12 04:09:45,3,"Degraded - Sudden Drop, Moderate Drain",48,Sudden drop,Moderate,Degraded,Persistent Deviation,Reduce non-critical loads,36.72,"Your battery is showing signs of stress, likely due to voltage fluctuations or a moderately high discharge rate. The estimated range has been reduced as a precaution. Consider reducing the use of high-power systems like AC or heating to preserve range. Plan a charging stop sooner than usual."
2026-03-12 04:10:05,1,Static Test Input,65,Stable,Moderate,Nominal,None,Maintain normal operation,65.0,"Your battery is in excellent condition with stable voltage and a healthy charge level. Energy is being consumed at a normal rate, so your estimated range is reliable. No action is needed — continue normal operation and monitor periodically."
2026-03-12 04:10:08,2,Static Test Input,65,Stable,Moderate,Nominal,None,Maintain normal operation,65.0,"Your battery is in excellent condition with stable voltage and a healthy charge level. Energy is being consumed at a normal rate, so your estimated range is reliable. No action is needed — continue normal operation and monitor periodically."
2026-03-12 04:10:10,3,Static Test Input,65,Stable,Moderate,Nominal,None,Maintain normal operation,65.0,"Your battery is in excellent condition with stable voltage and a healthy charge level. Energy is being consumed at a normal rate, so your estimated range is reliable. No action is needed — continue normal operation and monitor periodically."
2026-03-12 04:10:13,4,Static Test Input,65,Stable,Moderate,Nominal,None,Maintain normal operation,65.0,"Your battery is in excellent condition with stable voltage and a healthy charge level. Energy is being consumed at a normal rate, so your estimated range is reliable. No action is needed — continue normal operation and monitor periodically."
2026-03-12 04:10:15,5,Static Test Input,65,Stable,Moderate,Nominal,None,Maintain normal operation,65.0,"Your battery is in excellent condition with stable voltage and a healthy charge level. Energy is being consumed at a normal rate, so your estimated range is reliable. No action is needed — continue normal operation and monitor periodically."
2026-03-12 04:10:18,1,Static Test Input,65,Stable,Moderate,Nominal,None,Maintain normal operation,65.0,"Your battery is in excellent condition with stable voltage and a healthy charge level. Energy is being consumed at a normal rate, so your estimated range is reliable. No action is needed — continue normal operation and monitor periodically."
2026-03-12 04:10:20,2,Static Test Input,65,Stable,Moderate,Nominal,None,Maintain normal operation,65.0,"Your battery is in excellent condition with stable voltage and a healthy charge level. Energy is being consumed at a normal rate, so your estimated range is reliable. No action is needed — continue normal operation and monitor periodically."
2026-03-12 04:10:23,3,Static Test Input,65,Stable,Moderate,Nominal,None,Maintain normal operation,65.0,"Your battery is in excellent condition with stable voltage and a healthy charge level. Energy is being consumed at a normal rate, so your estimated range is reliable. No action is needed — continue normal operation and monitor periodically."
2026-03-12 04:10:25,4,Static Test Input,65,Stable,Moderate,Nominal,None,Maintain normal operation,65.0,"Your battery is in excellent condition with stable voltage and a healthy charge level. Energy is being consumed at a normal rate, so your estimated range is reliable. No action is needed — continue normal operation and monitor periodically."
2026-03-12 04:10:28,5,Static Test Input,65,Stable,Moderate,Nominal,None,Maintain normal operation,65.0,"Your battery is in excellent condition with stable voltage and a healthy charge level. Energy is being consumed at a normal rate, so your estimated range is reliable. No action is needed — continue normal operation and monitor periodically."
2026-03-12 04:10:30,1,Static Test Input,65,Stable,Moderate,Nominal,None,Maintain normal operation,65.0,"Your battery is in excellent condition with stable voltage and a healthy charge level. Energy is being consumed at a normal rate, so your estimated range is reliable. No action is needed — continue normal operation and monitor periodically."
2026-03-12 04:10:33,2,Static Test Input,65,Stable,Moderate,Nominal,None,Maintain normal operation,65.0,"Your battery is in excellent condition with stable voltage and a healthy charge level. Energy is being consumed at a normal rate, so your estimated range is reliable. No action is needed — continue normal operation and monitor periodically."
2026-03-12 04:10:35,3,Static Test Input,65,Stable,Moderate,Nominal,None,Maintain normal operation,65.0,"Your battery is in excellent condition with stable voltage and a healthy charge level. Energy is being consumed at a normal rate, so your estimated range is reliable. No action is needed — continue normal operation and monitor periodically."
2026-03-12 04:10:38,4,Static Test Input,65,Stable,Moderate,Nominal,None,Maintain normal operation,65.0,"Your battery is in excellent condition with stable voltage and a healthy charge level. Energy is being consumed at a normal rate, so your estimated range is reliable. No action is needed — continue normal operation and monitor periodically."
2026-03-12 04:10:40,5,Static Test Input,65,Stable,Moderate,Nominal,None,Maintain normal operation,65.0,"Your battery is in excellent condition with stable voltage and a healthy charge level. Energy is being consumed at a normal rate, so your estimated range is reliable. No action is needed — continue normal operation and monitor periodically."
2026-03-12 04:10:43,1,Static Test Input,65,Stable,Moderate,Nominal,None,Maintain normal operation,65.0,"Your battery is in excellent condition with stable voltage and a healthy charge level. Energy is being consumed at a normal rate, so your estimated range is reliable. No action is needed — continue normal operation and monitor periodically."
2026-03-12 04:10:45,2,Static Test Input,65,Stable,Moderate,Nominal,None,Maintain normal operation,65.0,"Your battery is in excellent condition with stable voltage and a healthy charge level. Energy is being consumed at a normal rate, so your estimated range is reliable. No action is needed — continue normal operation and monitor periodically."
2026-03-12 04:10:48,3,Static Test Input,65,Stable,Moderate,Nominal,None,Maintain normal operation,65.0,"Your battery is in excellent condition with stable voltage and a healthy charge level. Energy is being consumed at a normal rate, so your estimated range is reliable. No action is needed — continue normal operation and monitor periodically."
2026-03-12 04:10:50,4,Static Test Input,65,Stable,Moderate,Nominal,None,Maintain normal operation,65.0,"Your battery is in excellent condition with stable voltage and a healthy charge level. Energy is being consumed at a normal rate, so your estimated range is reliable. No action is needed — continue normal operation and monitor periodically."
2026-03-12 04:10:53,5,Static Test Input,65,Stable,Moderate,Nominal,None,Maintain normal operation,65.0,"Your battery is in excellent condition with stable voltage and a healthy charge level. Energy is being consumed at a normal rate, so your estimated range is reliable. No action is needed — continue normal operation and monitor periodically."
2026-03-12 04:10:55,1,Static Test Input,65,Stable,Moderate,Nominal,None,Maintain normal operation,65.0,"Your battery is in excellent condition with stable voltage and a healthy charge level. Energy is being consumed at a normal rate, so your estimated range is reliable. No action is needed — continue normal operation and monitor periodically."
2026-03-12 04:10:58,2,Static Test Input,65,Stable,Moderate,Nominal,None,Maintain normal operation,65.0,"Your battery is in excellent condition with stable voltage and a healthy charge level. Energy is being consumed at a normal rate, so your estimated range is reliable. No action is needed — continue normal operation and monitor periodically."
2026-03-12 04:11:00,3,Static Test Input,65,Stable,Moderate,Nominal,None,Maintain normal operation,65.0,"Your battery is in excellent condition with stable voltage and a healthy charge level. Energy is being consumed at a normal rate, so your estimated range is reliable. No action is needed — continue normal operation and monitor periodically."
2026-03-12 04:11:03,4,Static Test Input,65,Stable,Moderate,Nominal,None,Maintain normal operation,65.0,"Your battery is in excellent condition with stable voltage and a healthy charge level. Energy is being consumed at a normal rate, so your estimated range is reliable. No action is needed — continue normal operation and monitor periodically."
2026-03-12 04:11:05,5,Static Test Input,65,Stable,Moderate,Nominal,None,Maintain normal operation,65.0,"Your battery is in excellent condition with stable voltage and a healthy charge level. Energy is being consumed at a normal rate, so your estimated range is reliable. No action is needed — continue normal operation and monitor periodically."
2026-03-12 04:11:08,1,Static Test Input,65,Stable,Moderate,Nominal,None,Maintain normal operation,65.0,"Your battery is in excellent condition with stable voltage and a healthy charge level. Energy is being consumed at a normal rate, so your estimated range is reliable. No action is needed — continue normal operation and monitor periodically."
2026-03-12 04:11:10,2,Static Test Input,65,Stable,Moderate,Nominal,None,Maintain normal operation,65.0,"Your battery is in excellent condition with stable voltage and a healthy charge level. Energy is being consumed at a normal rate, so your estimated range is reliable. No action is needed — continue normal operation and monitor periodically."
2026-03-12 04:11:13,3,Static Test Input,65,Stable,Moderate,Nominal,None,Maintain normal operation,65.0,"Your battery is in excellent condition with stable voltage and a healthy charge level. Energy is being consumed at a normal rate, so your estimated range is reliable. No action is needed — continue normal operation and monitor periodically."
2026-03-12 04:11:15,4,Static Test Input,65,Stable,Moderate,Nominal,None,Maintain normal operation,65.0,"Your battery is in excellent condition with stable voltage and a healthy charge level. Energy is being consumed at a normal rate, so your estimated range is reliable. No action is needed — continue normal operation and monitor periodically."
2026-03-12 04:11:18,5,Static Test Input,65,Stable,Moderate,Nominal,None,Maintain normal operation,65.0,"Your battery is in excellent condition with stable voltage and a healthy charge level. Energy is being consumed at a normal rate, so your estimated range is reliable. No action is needed — continue normal operation and monitor periodically."
2026-03-12 04:11:20,1,Static Test Input,65,Stable,Moderate,Nominal,None,Maintain normal operation,65.0,"Your battery is in excellent condition with stable voltage and a healthy charge level. Energy is being consumed at a normal rate, so your estimated range is reliable. No action is needed — continue normal operation and monitor periodically."
2026-03-12 04:11:23,2,Static Test Input,65,Stable,Moderate,Nominal,None,Maintain normal operation,65.0,"Your battery is in excellent condition with stable voltage and a healthy charge level. Energy is being consumed at a normal rate, so your estimated range is reliable. No action is needed — continue normal operation and monitor periodically."
2026-03-12 04:11:25,3,Static Test Input,65,Stable,Moderate,Nominal,None,Maintain normal operation,65.0,"Your battery is in excellent condition with stable voltage and a healthy charge level. Energy is being consumed at a normal rate, so your estimated range is reliable. No action is needed — continue normal operation and monitor periodically."
2026-03-12 04:11:28,4,Static Test Input,65,Stable,Moderate,Nominal,None,Maintain normal operation,65.0,"Your battery is in excellent condition with stable voltage and a healthy charge level. Energy is being consumed at a normal rate, so your estimated range is reliable. No action is needed — continue normal operation and monitor periodically."
2026-03-12 04:11:30,5,Static Test Input,65,Stable,Moderate,Nominal,None,Maintain normal operation,65.0,"Your battery is in excellent condition with stable voltage and a healthy charge level. Energy is being consumed at a normal rate, so your estimated range is reliable. No action is needed — continue normal operation and monitor periodically."
2026-03-12 04:11:33,1,Static Test Input,65,Stable,Moderate,Nominal,None,Maintain normal operation,65.0,"Your battery is in excellent condition with stable voltage and a healthy charge level. Energy is being consumed at a normal rate, so your estimated range is reliable. No action is needed — continue normal operation and monitor periodically."
2026-03-12 04:11:35,2,Static Test Input,65,Stable,Moderate,Nominal,None,Maintain normal operation,65.0,"Your battery is in excellent condition with stable voltage and a healthy charge level. Energy is being consumed at a normal rate, so your estimated range is reliable. No action is needed — continue normal operation and monitor periodically."
2026-03-12 04:11:38,3,Static Test Input,65,Stable,Moderate,Nominal,None,Maintain normal operation,65.0,"Your battery is in excellent condition with stable voltage and a healthy charge level. Energy is being consumed at a normal rate, so your estimated range is reliable. No action is needed — continue normal operation and monitor periodically."
2026-03-12 04:11:40,4,Static Test Input,65,Stable,Moderate,Nominal,None,Maintain normal operation,65.0,"Your battery is in excellent condition with stable voltage and a healthy charge level. Energy is being consumed at a normal rate, so your estimated range is reliable. No action is needed — continue normal operation and monitor periodically."
2026-03-12 04:11:43,5,Static Test Input,65,Stable,Moderate,Nominal,None,Maintain normal operation,65.0,"Your battery is in excellent condition with stable voltage and a healthy charge level. Energy is being consumed at a normal rate, so your estimated range is reliable. No action is needed — continue normal operation and monitor periodically."
2026-03-12 04:11:45,1,Static Test Input,65,Stable,Moderate,Nominal,None,Maintain normal operation,65.0,"Your battery is in excellent condition with stable voltage and a healthy charge level. Energy is being consumed at a normal rate, so your estimated range is reliable. No action is needed — continue normal operation and monitor periodically."
2026-03-12 04:11:48,2,Static Test Input,65,Stable,Moderate,Nominal,None,Maintain normal operation,65.0,"Your battery is in excellent condition with stable voltage and a healthy charge level. Energy is being consumed at a normal rate, so your estimated range is reliable. No action is needed — continue normal operation and monitor periodically."
2026-03-12 04:11:50,3,Static Test Input,65,Stable,Moderate,Nominal,None,Maintain normal operation,65.0,"Your battery is in excellent condition with stable voltage and a healthy charge level. Energy is being consumed at a normal rate, so your estimated range is reliable. No action is needed — continue normal operation and monitor periodically."
2026-03-12 04:11:53,4,Static Test Input,65,Stable,Moderate,Nominal,None,Maintain normal operation,65.0,"Your battery is in excellent condition with stable voltage and a healthy charge level. Energy is being consumed at a normal rate, so your estimated range is reliable. No action is needed — continue normal operation and monitor periodically."
2026-03-12 04:11:55,5,Static Test Input,65,Stable,Moderate,Nominal,None,Maintain normal operation,65.0,"Your battery is in excellent condition with stable voltage and a healthy charge level. Energy is being consumed at a normal rate, so your estimated range is reliable. No action is needed — continue normal operation and monitor periodically."
2026-03-12 04:11:58,1,Static Test Input,65,Stable,Moderate,Nominal,None,Maintain normal operation,65.0,"Your battery is in excellent condition with stable voltage and a healthy charge level. Energy is being consumed at a normal rate, so your estimated range is reliable. No action is needed — continue normal operation and monitor periodically."
2026-03-12 04:21:16,1,Static Test Input,65,Stable,Moderate,Nominal,None,Maintain normal operation,65.0,"Your battery is in excellent condition with stable voltage and a healthy charge level. Energy is being consumed at a normal rate, so your estimated range is reliable. No action is needed — continue normal operation and monitor periodically."
2026-03-12 04:21:19,2,Static Test Input,65,Stable,Moderate,Nominal,None,Maintain normal operation,65.0,"Your battery is in excellent condition with stable voltage and a healthy charge level. Energy is being consumed at a normal rate, so your estimated range is reliable. No action is needed — continue normal operation and monitor periodically."
2026-03-12 04:21:22,3,Static Test Input,65,Stable,Moderate,Nominal,None,Maintain normal operation,65.0,"Your battery is in excellent condition with stable voltage and a healthy charge level. Energy is being consumed at a normal rate, so your estimated range is reliable. No action is needed — continue normal operation and monitor periodically."
2026-03-12 04:21:25,4,Static Test Input,65,Stable,Moderate,Nominal,None,Maintain normal operation,65.0,"Your battery is in excellent condition with stable voltage and a healthy charge level. Energy is being consumed at a normal rate, so your estimated range is reliable. No action is needed — continue normal operation and monitor periodically."
2026-03-12 04:21:27,5,Static Test Input,65,Stable,Moderate,Nominal,None,Maintain normal operation,65.0,"Your battery is in excellent condition with stable voltage and a healthy charge level. Energy is being consumed at a normal rate, so your estimated range is reliable. No action is needed — continue normal operation and monitor periodically."
2026-03-12 04:21:31,1,Static Test Input,65,Stable,Moderate,Nominal,None,Maintain normal operation,65.0,"Your battery is in excellent condition with stable voltage and a healthy charge level. Energy is being consumed at a normal rate, so your estimated range is reliable. No action is needed — continue normal operation and monitor periodically."
2026-03-12 04:21:34,2,Static Test Input,65,Stable,Moderate,Nominal,None,Maintain normal operation,65.0,"Your battery is in excellent condition with stable voltage and a healthy charge level. Energy is being consumed at a normal rate, so your estimated range is reliable. No action is needed — continue normal operation and monitor periodically."
2026-03-12 04:21:36,3,Static Test Input,65,Stable,Moderate,Nominal,None,Maintain normal operation,65.0,"Your battery is in excellent condition with stable voltage and a healthy charge level. Energy is being consumed at a normal rate, so your estimated range is reliable. No action is needed — continue normal operation and monitor periodically."
2026-03-12 04:21:39,4,Static Test Input,65,Stable,Moderate,Nominal,None,Maintain normal operation,65.0,"Your battery is in excellent condition with stable voltage and a healthy charge level. Energy is being consumed at a normal rate, so your estimated range is reliable. No action is needed — continue normal operation and monitor periodically."
2026-03-12 04:21:42,5,Static Test Input,65,Stable,Moderate,Nominal,None,Maintain normal operation,65.0,"Your battery is in excellent condition with stable voltage and a healthy charge level. Energy is being consumed at a normal rate, so your estimated range is reliable. No action is needed — continue normal operation and monitor periodically."
2026-03-12 04:21:45,1,Static Test Input,65,Stable,Moderate,Nominal,None,Maintain normal operation,65.0,"Your battery is in excellent condition with stable voltage and a healthy charge level. Energy is being consumed at a normal rate, so your estimated range is reliable. No action is needed — continue normal operation and monitor periodically."
2026-03-12 04:21:48,2,Static Test Input,65,Stable,Moderate,Nominal,None,Maintain normal operation,65.0,"Your battery is in excellent condition with stable voltage and a healthy charge level. Energy is being consumed at a normal rate, so your estimated range is reliable. No action is needed — continue normal operation and monitor periodically."
2026-03-12 04:24:14,1,Static Test Input,65,Stable,Moderate,Nominal,None,Maintain normal operation,65.0,"Your battery is in excellent condition with stable voltage and a healthy charge level. Energy is being consumed at a normal rate, so your estimated range is reliable. No action is needed — continue normal operation and monitor periodically."
2026-03-12 04:24:17,2,Static Test Input,65,Stable,Moderate,Nominal,None,Maintain normal operation,65.0,"Your battery is in excellent condition with stable voltage and a healthy charge level. Energy is being consumed at a normal rate, so your estimated range is reliable. No action is needed — continue normal operation and monitor periodically."
2026-03-12 04:24:20,3,Static Test Input,65,Stable,Moderate,Nominal,None,Maintain normal operation,65.0,"Your battery is in excellent condition with stable voltage and a healthy charge level. Energy is being consumed at a normal rate, so your estimated range is reliable. No action is needed — continue normal operation and monitor periodically."
2026-03-12 04:24:23,4,Static Test Input,65,Stable,Moderate,Nominal,None,Maintain normal operation,65.0,"Your battery is in excellent condition with stable voltage and a healthy charge level. Energy is being consumed at a normal rate, so your estimated range is reliable. No action is needed — continue normal operation and monitor periodically."
2026-03-12 04:24:26,5,Static Test Input,65,Stable,Moderate,Nominal,None,Maintain normal operation,65.0,"Your battery is in excellent condition with stable voltage and a healthy charge level. Energy is being consumed at a normal rate, so your estimated range is reliable. No action is needed — continue normal operation and monitor periodically."
2026-03-12 04:24:29,1,Static Test Input,65,Stable,Moderate,Nominal,None,Maintain normal operation,65.0,"Your battery is in excellent condition with stable voltage and a healthy charge level. Energy is being consumed at a normal rate, so your estimated range is reliable. No action is needed — continue normal operation and monitor periodically."
2026-03-12 04:24:32,2,Static Test Input,65,Stable,Moderate,Nominal,None,Maintain normal operation,65.0,"Your battery is in excellent condition with stable voltage and a healthy charge level. Energy is being consumed at a normal rate, so your estimated range is reliable. No action is needed — continue normal operation and monitor periodically."
2026-03-12 04:24:35,3,Static Test Input,65,Stable,Moderate,Nominal,None,Maintain normal operation,65.0,"Your battery is in excellent condition with stable voltage and a healthy charge level. Energy is being consumed at a normal rate, so your estimated range is reliable. No action is needed — continue normal operation and monitor periodically."
2026-03-12 04:24:38,4,Static Test Input,65,Stable,Moderate,Nominal,None,Maintain normal operation,65.0,"Your battery is in excellent condition with stable voltage and a healthy charge level. Energy is being consumed at a normal rate, so your estimated range is reliable. No action is needed — continue normal operation and monitor periodically."
2026-03-12 04:24:41,5,Static Test Input,65,Stable,Moderate,Nominal,None,Maintain normal operation,65.0,"Your battery is in excellent condition with stable voltage and a healthy charge level. Energy is being consumed at a normal rate, so your estimated range is reliable. No action is needed — continue normal operation and monitor periodically."
2026-03-12 04:24:44,1,Static Test Input,65,Stable,Moderate,Nominal,None,Maintain normal operation,65.0,"Your battery is in excellent condition with stable voltage and a healthy charge level. Energy is being consumed at a normal rate, so your estimated range is reliable. No action is needed — continue normal operation and monitor periodically."
2026-03-12 04:24:47,2,Static Test Input,65,Stable,Moderate,Nominal,None,Maintain normal operation,65.0,"Your battery is in excellent condition with stable voltage and a healthy charge level. Energy is being consumed at a normal rate, so your estimated range is reliable. No action is needed — continue normal operation and monitor periodically."
2026-03-12 04:24:50,3,Static Test Input,65,Stable,Moderate,Nominal,None,Maintain normal operation,65.0,"Your battery is in excellent condition with stable voltage and a healthy charge level. Energy is being consumed at a normal rate, so your estimated range is reliable. No action is needed — continue normal operation and monitor periodically."
2026-03-12 04:24:53,4,Static Test Input,65,Stable,Moderate,Nominal,None,Maintain normal operation,65.0,"Your battery is in excellent condition with stable voltage and a healthy charge level. Energy is being consumed at a normal rate, so your estimated range is reliable. No action is needed — continue normal operation and monitor periodically."
2026-03-12 04:24:56,5,Static Test Input,65,Stable,Moderate,Nominal,None,Maintain normal operation,65.0,"Your battery is in excellent condition with stable voltage and a healthy charge level. Energy is being consumed at a normal rate, so your estimated range is reliable. No action is needed — continue normal operation and monitor periodically."
2026-03-12 04:24:59,1,Static Test Input,65,Stable,Moderate,Nominal,None,Maintain normal operation,65.0,"Your battery is in excellent condition with stable voltage and a healthy charge level. Energy is being consumed at a normal rate, so your estimated range is reliable. No action is needed — continue normal operation and monitor periodically."
2026-03-12 04:25:02,2,Static Test Input,65,Stable,Moderate,Nominal,None,Maintain normal operation,65.0,"Your battery is in excellent condition with stable voltage and a healthy charge level. Energy is being consumed at a normal rate, so your estimated range is reliable. No action is needed — continue normal operation and monitor periodically."
2026-03-12 04:25:05,3,Static Test Input,65,Stable,Moderate,Nominal,None,Maintain normal operation,65.0,"Your battery is in excellent condition with stable voltage and a healthy charge level. Energy is being consumed at a normal rate, so your estimated range is reliable. No action is needed — continue normal operation and monitor periodically."
2026-03-12 04:25:08,4,Static Test Input,65,Stable,Moderate,Nominal,None,Maintain normal operation,65.0,"Your battery is in excellent condition with stable voltage and a healthy charge level. Energy is being consumed at a normal rate, so your estimated range is reliable. No action is needed — continue normal operation and monitor periodically."
2026-03-12 04:25:11,5,Static Test Input,65,Stable,Moderate,Nominal,None,Maintain normal operation,65.0,"Your battery is in excellent condition with stable voltage and a healthy charge level. Energy is being consumed at a normal rate, so your estimated range is reliable. No action is needed — continue normal operation and monitor periodically."
2026-03-12 04:25:14,1,Static Test Input,65,Stable,Moderate,Nominal,None,Maintain normal operation,65.0,"Your battery is in excellent condition with stable voltage and a healthy charge level. Energy is being consumed at a normal rate, so your estimated range is reliable. No action is needed — continue normal operation and monitor periodically."
2026-03-12 04:25:16,2,Static Test Input,65,Stable,Moderate,Nominal,None,Maintain normal operation,65.0,"Your battery is in excellent condition with stable voltage and a healthy charge level. Energy is being consumed at a normal rate, so your estimated range is reliable. No action is needed — continue normal operation and monitor periodically."
2026-03-12 04:25:19,3,Static Test Input,65,Stable,Moderate,Nominal,None,Maintain normal operation,65.0,"Your battery is in excellent condition with stable voltage and a healthy charge level. Energy is being consumed at a normal rate, so your estimated range is reliable. No action is needed — continue normal operation and monitor periodically."
2026-03-12 04:25:22,4,Static Test Input,65,Stable,Moderate,Nominal,None,Maintain normal operation,65.0,"Your battery is in excellent condition with stable voltage and a healthy charge level. Energy is being consumed at a normal rate, so your estimated range is reliable. No action is needed — continue normal operation and monitor periodically."
2026-03-12 04:25:25,5,Static Test Input,65,Stable,Moderate,Nominal,None,Maintain normal operation,65.0,"Your battery is in excellent condition with stable voltage and a healthy charge level. Energy is being consumed at a normal rate, so your estimated range is reliable. No action is needed — continue normal operation and monitor periodically."
2026-03-12 04:25:28,1,Static Test Input,65,Stable,Moderate,Nominal,None,Maintain normal operation,65.0,"Your battery is in excellent condition with stable voltage and a healthy charge level. Energy is being consumed at a normal rate, so your estimated range is reliable. No action is needed — continue normal operation and monitor periodically."
2026-03-12 04:25:31,2,Static Test Input,65,Stable,Moderate,Nominal,None,Maintain normal operation,65.0,"Your battery is in excellent condition with stable voltage and a healthy charge level. Energy is being consumed at a normal rate, so your estimated range is reliable. No action is needed — continue normal operation and monitor periodically."
2026-03-12 04:25:58,1,Static Test Input,65,Stable,Moderate,Nominal,None,Maintain normal operation,65.0,"Your battery is in excellent condition with stable voltage and a healthy charge level. Energy is being consumed at a normal rate, so your estimated range is reliable. No action is needed — continue normal operation and monitor periodically."
2026-03-12 04:26:00,2,Static Test Input,65,Stable,Moderate,Nominal,None,Maintain normal operation,65.0,"Your battery is in excellent condition with stable voltage and a healthy charge level. Energy is being consumed at a normal rate, so your estimated range is reliable. No action is needed — continue normal operation and monitor periodically."
2026-03-12 04:26:03,3,Static Test Input,65,Stable,Moderate,Nominal,None,Maintain normal operation,65.0,"Your battery is in excellent condition with stable voltage and a healthy charge level. Energy is being consumed at a normal rate, so your estimated range is reliable. No action is needed — continue normal operation and monitor periodically."
2026-03-12 04:26:06,4,Static Test Input,65,Stable,Moderate,Nominal,None,Maintain normal operation,65.0,"Your battery is in excellent condition with stable voltage and a healthy charge level. Energy is being consumed at a normal rate, so your estimated range is reliable. No action is needed — continue normal operation and monitor periodically."
2026-03-12 04:26:09,5,Static Test Input,65,Stable,Moderate,Nominal,None,Maintain normal operation,65.0,"Your battery is in excellent condition with stable voltage and a healthy charge level. Energy is being consumed at a normal rate, so your estimated range is reliable. No action is needed — continue normal operation and monitor periodically."
2026-03-12 04:26:12,1,Static Test Input,65,Stable,Moderate,Nominal,None,Maintain normal operation,65.0,"Your battery is in excellent condition with stable voltage and a healthy charge level. Energy is being consumed at a normal rate, so your estimated range is reliable. No action is needed — continue normal operation and monitor periodically."
2026-03-12 04:26:57,1,Static Test Input,65,Stable,Moderate,Nominal,None,Maintain normal operation,65.0,"Your battery is in excellent condition with stable voltage and a healthy charge level. Energy is being consumed at a normal rate, so your estimated range is reliable. No action is needed — continue normal operation and monitor periodically."
2026-03-12 04:27:58,2,Static Test Input,65,Stable,Moderate,Nominal,None,Maintain normal operation,65.0,"Your battery is in excellent condition with stable voltage and a healthy charge level. Energy is being consumed at a normal rate, so your estimated range is reliable. No action is needed — continue normal operation and monitor periodically."
2026-03-12 04:29:00,3,Static Test Input,65,Stable,Moderate,Nominal,None,Maintain normal operation,65.0,"Your battery is in excellent condition with stable voltage and a healthy charge level. Energy is being consumed at a normal rate, so your estimated range is reliable. No action is needed — continue normal operation and monitor periodically."
2026-03-12 04:30:01,4,Static Test Input,65,Stable,Moderate,Nominal,None,Maintain normal operation,65.0,"Your battery is in excellent condition with stable voltage and a healthy charge level. Energy is being consumed at a normal rate, so your estimated range is reliable. No action is needed — continue normal operation and monitor periodically."
2026-03-12 04:31:01,5,Static Test Input,65,Stable,Moderate,Nominal,None,Maintain normal operation,65.0,"Your battery is in excellent condition with stable voltage and a healthy charge level. Energy is being consumed at a normal rate, so your estimated range is reliable. No action is needed — continue normal operation and monitor periodically."
2026-03-12 04:31:28,1,Static Test Input,65,Stable,Moderate,Nominal,None,Maintain normal operation,65.0,"Your battery is in excellent condition with stable voltage and a healthy charge level. Energy is being consumed at a normal rate, so your estimated range is reliable. No action is needed — continue normal operation and monitor periodically."
2026-03-12 04:32:28,2,Static Test Input,65,Stable,Moderate,Nominal,None,Maintain normal operation,65.0,"Your battery is in excellent condition with stable voltage and a healthy charge level. Energy is being consumed at a normal rate, so your estimated range is reliable. No action is needed — continue normal operation and monitor periodically."
2026-03-12 04:33:29,3,Static Test Input,65,Stable,Moderate,Nominal,None,Maintain normal operation,65.0,"Your battery is in excellent condition with stable voltage and a healthy charge level. Energy is being consumed at a normal rate, so your estimated range is reliable. No action is needed — continue normal operation and monitor periodically."
2026-03-12 04:34:30,4,Static Test Input,65,Stable,Moderate,Nominal,None,Maintain normal operation,65.0,"Your battery is in excellent condition with stable voltage and a healthy charge level. Energy is being consumed at a normal rate, so your estimated range is reliable. No action is needed — continue normal operation and monitor periodically."
2026-03-12 04:35:32,5,Static Test Input,65,Stable,Moderate,Nominal,None,Maintain normal operation,65.0,"Your battery is in excellent condition with stable voltage and a healthy charge level. Energy is being consumed at a normal rate, so your estimated range is reliable. No action is needed — continue normal operation and monitor periodically."
2026-03-12 04:36:33,1,Static Test Input,65,Stable,Moderate,Nominal,None,Maintain normal operation,65.0,"Your battery is in excellent condition with stable voltage and a healthy charge level. Energy is being consumed at a normal rate, so your estimated range is reliable. No action is needed — continue normal operation and monitor periodically."
2026-03-12 04:45:22,1,Static Test Input,65,Stable,Moderate,Nominal,None,Maintain normal operation,65.0,"Your battery is in excellent condition with stable voltage and a healthy charge level. Energy is being consumed at a normal rate, so your estimated range is reliable. No action is needed — continue normal operation and monitor periodically."
2026-03-12 04:46:18,1,Static Test Input,65,Stable,Moderate,Nominal,None,Maintain normal operation,65.0,"Your battery is in a healthy state, with a moderate amount of charge left. It's likely in this state because you've been using your vehicle normally and haven't been pushing it too hard. To get the most out of your battery, try to avoid extreme temperatures and keep your journeys moderate in length. You can also consider planning your next charge to ensure you have enough power for your next trip."
2026-03-12 04:47:19,2,Static Test Input,65,Stable,Moderate,Nominal,None,Maintain normal operation,65.0,"Your battery is in good condition, with a decent amount of charge left. It's likely in this state because you've been using your vehicle moderately and haven't been pushing the battery too hard. To keep your battery healthy, try to avoid extreme temperatures and charge your vehicle regularly to maintain a stable charge level. You can also consider planning your route to stay within the predicted remaining range of 65 kilometers to avoid running low on charge."
2026-03-12 04:48:20,3,Static Test Input,65,Stable,Moderate,Nominal,None,Maintain normal operation,65.0,"Your battery is currently about two-thirds charged and is holding its voltage well, which is a good sign. The moderate drain rate suggests you've likely been using your vehicle for a mix of city and highway driving. To maximize your remaining range of 65 kilometers, consider reducing your speed or avoiding aggressive acceleration. Additionally, try to avoid extreme temperatures, such as leaving your vehicle in direct sunlight, to help maintain your battery's health."
2026-03-12 04:49:21,4,Static Test Input,65,Stable,Moderate,Nominal,None,Maintain normal operation,65.0,"Your battery is in a healthy state, with a moderate amount of charge left. It's likely in this state because you've been using your vehicle normally and haven't been putting excessive strain on the battery. To keep your battery in good condition, try to avoid deep discharges by charging it when you can, and consider adjusting your route to stay within the predicted 65km range to avoid running low. You can also drive smoothly and avoid rapid acceleration to reduce battery drain."
2026-03-12 04:50:00,1,"Nominal - Fully Charged, Stable",90,Stable,Slow,Nominal,None,Maintain normal operation,180.0,"Your battery is in great shape, with a high charge level and stable voltage. This is likely because you've been driving and charging it regularly, keeping it healthy. To keep your battery performing well, try to avoid extreme temperatures and keep your vehicle parked in a cool, dry place when not in use. You can also drive with confidence, knowing you have a predicted range of 180 km before needing to recharge."
2026-03-12 04:51:01,2,"Degraded - Mid Charge, Slight Fluctuation",55,Slight fluctuation,Moderate,Degraded,Transient Variation,Increase monitoring,46.75,"Your battery is currently at 55% charge, but it's not holding its voltage as steadily as it should, and it's draining at a moderate rate. This is likely because the battery has degraded over time, causing its performance to become less consistent. To help extend its life, try to avoid deep discharges by charging your vehicle when the level falls below 20%. Additionally, consider reducing your energy usage, such as turning off non-essential systems, to make the most of your remaining range."
2026-03-12 04:52:02,3,"Degraded - Sudden Drop, Moderate Drain",48,Sudden drop,Moderate,Degraded,Persistent Deviation,Reduce non-critical loads,36.72,"Your battery is currently at 48% charge, but it's losing power faster than usual due to a sudden voltage drop. This is likely because the battery is degraded and not functioning as efficiently as it should. To help extend the remaining range, reduce non-essential energy usage, such as turning off unnecessary accessories or adjusting your driving habits. Consider stopping at a charging station soon, as you only have about 37 kilometers of range left."
2026-03-12 04:53:03,4,"Critical - Low SOC, Fast Drain",22,Stable,Fast,Critical,None,Activate protective mode,9.53,"Your battery is extremely low, with only 22% charge left. This is because it's been draining quickly, likely due to heavy use or a long drive without recharging. To avoid damaging the battery, I recommend stopping to recharge as soon as possible or reducing your energy consumption to extend the remaining range. Additionally, consider activating the protective mode to prevent further strain on the battery."
2026-03-12 04:54:04,5,Critical - Severe Instability Override,75,Repeated instability,Abnormally fast,Critical,Severe Degradation,Activate protective mode,18.28,"Your battery is in a critical state, with its health severely degraded. This is likely due to repeated instability in the voltage, causing it to drain abnormally fast. To prevent further damage, I recommend activating the protective mode immediately. Additionally, consider reducing your driving speed and avoiding aggressive acceleration to conserve the remaining battery life and make the most of the 18.28 km range you have left."
2026-03-12 04:55:05,1,"Nominal - Fully Charged, Stable",90,Stable,Slow,Nominal,None,Maintain normal operation,180.0,"Your battery is in great shape, with a high charge level and stable voltage. This is likely because you've been driving and charging your vehicle moderately, without putting excessive strain on the battery. To keep your battery healthy, try to avoid extreme temperatures and keep your vehicle plugged in when not in use. You can also drive normally without worrying about running out of charge, with a predicted range of 180 kilometers."
2026-03-12 04:56:06,2,"Degraded - Mid Charge, Slight Fluctuation",55,Slight fluctuation,Moderate,Degraded,Transient Variation,Increase monitoring,46.75,"Your battery is currently at 55% charge, but its overall health is degraded, which means it's not holding charge as well as it used to. This is likely due to wear and tear over time, as well as possible irregular charging patterns. To help extend its life, try to avoid extreme temperature changes and keep your charging habits consistent. Consider reducing your energy consumption to make the most of the remaining 46.75 km of range."
2026-03-12 04:57:07,3,"Degraded - Sudden Drop, Moderate Drain",48,Sudden drop,Moderate,Degraded,Persistent Deviation,Reduce non-critical loads,36.72,"Your battery is almost half empty and its voltage is dropping quickly. This is likely because the battery is degraded and not holding its charge as well as it should, causing it to drain faster. To help extend its range, try reducing non-essential power usage, like turning off unnecessary systems or accessories. Additionally, consider stopping to charge soon to avoid getting stranded, as the battery only has about 37 kilometers of range left."
2026-03-12 04:58:08,4,"Critical - Low SOC, Fast Drain",22,Stable,Fast,Critical,None,Activate protective mode,9.53,"Your battery is very low, with only 22% charge left, and it's draining quickly. This is likely because you've been using your vehicle heavily or for a long time without recharging. To avoid damaging the battery, I recommend activating the protective mode immediately to slow down the drainage. Additionally, please find a charging station as soon as possible to top up your battery and get back on the road safely."
2026-03-12 04:58:16,1,"Nominal - Fully Charged, Stable",90,Stable,Slow,Nominal,None,Maintain normal operation,180.0,"Your battery is in great shape, with a high charge level and stable voltage. This is likely because you've been driving and charging it regularly, keeping it healthy. The slow drain rate suggests you're not using the battery aggressively, which is good for its longevity. To keep it this way, try to avoid extreme temperatures and deep discharges. Consider charging your vehicle when you're not using it to keep the battery topped up and ready to go."
2026-03-12 04:59:18,2,"Degraded - Mid Charge, Slight Fluctuation",55,Slight fluctuation,Moderate,Degraded,Transient Variation,Increase monitoring,46.75,"Your battery is in a degraded state, with its condition worsening over time. This is likely due to a combination of factors, including abnormal loads and possible cell damage, which are causing the battery to drain faster than expected and lose its range efficiency. The recent rapid decline in battery level and occasional anomalies are raising concerns. To address this, I recommend checking for any abnormal loads or external factors that may be causing the battery to drain quickly. Additionally, consider reducing your driving demands or recharging the battery as soon as possible to minimize further damage."
2026-03-12 05:00:19,3,"Degraded - Sudden Drop, Moderate Drain",48,Sudden drop,Moderate,Degraded,Persistent Deviation,Reduce non-critical loads,36.72,"Your battery is currently in a degraded state, with a significant and sudden drop in voltage, indicating a potential issue. The rapid decline in charge and worsening battery zone suggest that the battery is under stress, possibly due to an abnormal load or cell damage. To address this, reduce non-critical loads immediately to alleviate pressure on the battery. Additionally, check for any abnormal loads or usage patterns that may be causing the rapid drain, and consider having the battery inspected for potential cell damage."
2026-03-12 05:01:20,4,"Critical - Low SOC, Fast Drain",22,Stable,Fast,Critical,None,Activate protective mode,9.53,"Your battery is in a critical state, with a rapidly declining charge level. This is likely due to an unusually high drain rate, possibly caused by an abnormal load or cell damage. The stable voltage trend suggests that the issue is not with the battery's overall health, but rather with how it's being used. To address this, I recommend checking for any unnecessary loads or accessories that may be causing the excessive drain. Additionally, consider activating the protective mode to prevent further damage and help extend the battery's lifespan."
2026-03-12 05:02:21,5,Critical - Severe Instability Override,75,Repeated instability,Abnormally fast,Critical,Severe Degradation,Activate protective mode,18.28,"Your battery is in a critical state due to severe degradation, causing it to drain abnormally fast. This is likely because of internal cell damage, leading to a faster loss of range than expected. The repeated instability in voltage and steadily declining state of charge are clear signs of this degradation. To protect your battery, I recommend activating the protective mode immediately. Additionally, consider reducing your driving demands or recharging your battery as soon as possible to minimize further damage."
2026-03-12 05:03:22,1,"Nominal - Fully Charged, Stable",90,Stable,Slow,Nominal,None,Maintain normal operation,180.0,"Your battery is in great shape, with a high charge level and a stable voltage. This is likely because you've been driving and charging your vehicle regularly, allowing the battery to recover and maintain its health. The trend data shows that your battery's condition is improving over time, which is a good sign. To keep your battery in top condition, try to avoid extreme temperatures and deep discharges. Additionally, consider charging your vehicle when the charge level falls below 20% to maintain the battery's overall health."
2026-03-12 05:04:23,2,"Degraded - Mid Charge, Slight Fluctuation",55,Slight fluctuation,Moderate,Degraded,Transient Variation,Increase monitoring,46.75,"Your battery is currently in a degraded state, which means it's not holding its charge as well as it used to. This is likely due to normal wear and tear over time. The slight fluctuations in voltage and moderate drain rate suggest that the battery is experiencing some stress. To help extend its life, try to keep your battery charged between 20% and 80% if possible. Additionally, consider reducing extreme temperature exposure to minimize further degradation."
2026-03-12 05:05:24,3,"Degraded - Sudden Drop, Moderate Drain",48,Sudden drop,Moderate,Degraded,Persistent Deviation,Reduce non-critical loads,36.72,"Your battery is currently in a degraded state, but it's showing signs of recovery. The sudden voltage drop and moderate drain rate suggest that the battery is under stress, likely due to heavy use or high temperatures. The good news is that the historical trend indicates the battery's overall health is improving. To help extend the battery's life, reduce non-critical loads immediately. Additionally, try to avoid extreme temperatures and deep discharges to support the battery's ongoing recovery."
2026-03-12 05:06:25,4,"Critical - Low SOC, Fast Drain",22,Stable,Fast,Critical,None,Activate protective mode,9.53,"Your battery is in a critical state with only 22% charge left, and it's draining quickly. This is likely because of an abnormal load or excessive usage. The stable voltage trend suggests that the battery itself is functioning properly, but the rapid drain rate is the main concern. To address this, I recommend activating the protective mode to prevent further damage. Additionally, check for any abnormal loads or excessive usage patterns that may be causing the rapid drain, and adjust your usage accordingly to conserve the remaining charge."
2026-03-12 05:07:26,5,Critical - Severe Instability Override,75,Repeated instability,Abnormally fast,Critical,Severe Degradation,Activate protective mode,18.28,"Your battery is in a critical state due to severe degradation, causing it to drain abnormally fast. This is likely because of internal cell damage, which is affecting its ability to hold a charge efficiently. The repeated instability in voltage and steadily declining state of charge are clear signs of this degradation. To protect your battery, it's recommended to activate protective mode immediately. Consider reducing your usage or recharging as soon as possible to minimize further damage and try to preserve the remaining 18 km of range."
2026-03-12 05:08:27,1,"Nominal - Fully Charged, Stable",90,Stable,Slow,Nominal,None,Maintain normal operation,180.0,"Your battery is in a healthy state, with a high charge level and stable voltage. This is because you've likely been driving and charging your vehicle regularly, allowing the battery to recover and maintain its condition. The trend data shows that your battery's overall health is improving, with no critical issues detected. To keep your battery in good shape, continue to charge it regularly and avoid deep discharges. Additionally, try to keep your vehicle away from extreme temperatures to help maintain its overall health."
2026-03-12 05:09:27,2,"Degraded - Mid Charge, Slight Fluctuation",55,Slight fluctuation,Moderate,Degraded,Transient Variation,Increase monitoring,46.75,"Your battery is currently in a degraded state, which means it's not holding its charge as well as it used to. This is likely due to normal wear and tear over time. The slight voltage fluctuations and moderate drain rate are contributing to this condition. To help slow down the degradation, try to keep your battery level between 20% and 80% charged as much as possible. Also, consider reducing the number of deep discharges to minimize stress on the battery."
2026-03-12 05:10:28,3,"Degraded - Sudden Drop, Moderate Drain",48,Sudden drop,Moderate,Degraded,Persistent Deviation,Reduce non-critical loads,36.72,"Your battery is currently in a degraded state, but it's showing signs of recovery. The sudden drop in voltage suggests that the battery is under stress, likely due to heavy use or age. The good news is that the overall trend is improving, with the battery's state of charge and zone condition getting better over time. To help extend the battery's life, reduce non-essential loads immediately. Additionally, consider adjusting your driving habits or charging schedule to minimize stress on the battery."
